llama3.1:8b,0,0,0,0.44,0,0.51
llama3.1:8b,0,0,1,0.44,0,0.51
llama3.1:8b,0,0,2,0.44,0,0.12
llama3.1:8b,0,0,3,0.44,0,9.39
llama3.1:8b,0,0,4,0.44,0,8.48
llama3.1:8b,0,0,5,0.44,0,0.51
llama3.1:8b,0,0,6,0.44,0,1.83
llama3.1:8b,0,0,0,0.44,2,0.72
llama3.1:8b,0,0,1,0.44,2,1.22
llama3.1:8b,0,0,2,0.44,2,0.05
llama3.1:8b,0,0,3,0.44,2,17.17
llama3.1:8b,0,0,4,0.44,2,8.21
llama3.1:8b,0,0,5,0.44,2,0.72
llama3.1:8b,0,0,6,0.44,2,0.36
llama3.1:8b,0,0,0,0.44,4,1.55
llama3.1:8b,0,0,1,0.44,4,1.75
llama3.1:8b,0,0,2,0.44,4,2.15
llama3.1:8b,0,0,3,0.44,4,10.45
llama3.1:8b,0,0,4,0.44,4,8.50
llama3.1:8b,0,0,5,0.44,4,3.70
llama3.1:8b,0,0,6,0.44,4,1.54
llama3.1:8b,0,0,0,0.44,6,2.89
llama3.1:8b,0,0,1,0.44,6,2.55
llama3.1:8b,0,0,2,0.44,6,1.19
llama3.1:8b,0,0,3,0.44,6,11.89
llama3.1:8b,0,0,4,0.44,6,11.66
llama3.1:8b,0,0,5,0.44,6,3.36
llama3.1:8b,0,0,6,0.44,6,2.72
llama3.1:8b,0,0,0,0.44,8,3.03
llama3.1:8b,0,0,1,0.44,8,3.64
llama3.1:8b,0,0,2,0.44,8,3.39
llama3.1:8b,0,0,3,0.44,8,10.72
llama3.1:8b,0,0,4,0.44,8,1.40
llama3.1:8b,0,0,5,0.44,8,5.65
llama3.1:8b,0,0,6,0.44,8,11.35
llama3.1:8b,0,0,0,0.44,10,4.06
llama3.1:8b,0,0,1,0.44,10,5.26
llama3.1:8b,0,0,2,0.44,10,1.77
llama3.1:8b,0,0,3,0.44,10,11.46
llama3.1:8b,0,0,4,0.44,10,10.93
llama3.1:8b,0,0,5,0.44,10,4.02
llama3.1:8b,0,0,6,0.44,10,4.80
llama3.1:8b,0,0,0,0.44,12,8.59
llama3.1:8b,0,0,1,0.44,12,12.91
llama3.1:8b,0,0,2,0.44,12,6.91
llama3.1:8b,0,0,3,0.44,12,16.33
llama3.1:8b,0,0,4,0.44,12,5.81
llama3.1:8b,0,0,5,0.44,12,13.81
llama3.1:8b,0,0,6,0.44,12,9.07
llama3.1:8b,0,1,0,-0.18,0,1.30
llama3.1:8b,0,1,1,-0.18,0,0.43
llama3.1:8b,0,1,2,-0.18,0,0.62
llama3.1:8b,0,1,3,-0.18,0,8.54
llama3.1:8b,0,1,4,-0.18,0,7.14
llama3.1:8b,0,1,5,-0.18,0,0.64
llama3.1:8b,0,1,6,-0.18,0,0.58
llama3.1:8b,0,1,0,-0.18,2,0.04
llama3.1:8b,0,1,1,-0.18,2,1.86
llama3.1:8b,0,1,2,-0.18,2,1.47
llama3.1:8b,0,1,3,-0.18,2,11.01
llama3.1:8b,0,1,4,-0.18,2,7.99
llama3.1:8b,0,1,5,-0.18,2,0.93
llama3.1:8b,0,1,6,-0.18,2,1.24
llama3.1:8b,0,1,0,-0.18,4,1.97
llama3.1:8b,0,1,1,-0.18,4,1.63
llama3.1:8b,0,1,2,-0.18,4,0.69
llama3.1:8b,0,1,3,-0.18,4,12.89
llama3.1:8b,0,1,4,-0.18,4,8.10
llama3.1:8b,0,1,5,-0.18,4,0.77
llama3.1:8b,0,1,6,-0.18,4,3.44
llama3.1:8b,0,1,0,-0.18,6,2.57
llama3.1:8b,0,1,1,-0.18,6,1.72
llama3.1:8b,0,1,2,-0.18,6,3.10
llama3.1:8b,0,1,3,-0.18,6,11.96
llama3.1:8b,0,1,4,-0.18,6,5.30
llama3.1:8b,0,1,5,-0.18,6,3.93
llama3.1:8b,0,1,6,-0.18,6,2.65
llama3.1:8b,0,1,0,-0.18,8,4.28
llama3.1:8b,0,1,1,-0.18,8,2.62
llama3.1:8b,0,1,2,-0.18,8,1.49
llama3.1:8b,0,1,3,-0.18,8,11.67
llama3.1:8b,0,1,4,-0.18,8,9.94
llama3.1:8b,0,1,5,-0.18,8,4.72
llama3.1:8b,0,1,6,-0.18,8,4.08
llama3.1:8b,0,1,0,-0.18,10,6.33
llama3.1:8b,0,1,1,-0.18,10,5.09
llama3.1:8b,0,1,2,-0.18,10,3.64
llama3.1:8b,0,1,3,-0.18,10,10.56
llama3.1:8b,0,1,4,-0.18,10,6.72
llama3.1:8b,0,1,5,-0.18,10,6.96
llama3.1:8b,0,1,6,-0.18,10,8.15
llama3.1:8b,0,1,0,-0.18,12,6.88
llama3.1:8b,0,1,1,-0.18,12,9.83
llama3.1:8b,0,1,2,-0.18,12,7.31
llama3.1:8b,0,1,3,-0.18,12,13.31
llama3.1:8b,0,1,4,-0.18,12,10.62
llama3.1:8b,0,1,5,-0.18,12,8.00
llama3.1:8b,0,1,6,-0.18,12,10.57
llama3.1:8b,0,2,0,0.33,0,0.39
llama3.1:8b,0,2,1,0.33,0,0.57
llama3.1:8b,0,2,2,0.33,0,0.98
llama3.1:8b,0,2,3,0.33,0,10.10
llama3.1:8b,0,2,4,0.33,0,10.08
llama3.1:8b,0,2,5,0.33,0,1.12
llama3.1:8b,0,2,6,0.33,0,3.37
llama3.1:8b,0,2,0,0.33,2,0.95
llama3.1:8b,0,2,1,0.33,2,1.14
llama3.1:8b,0,2,2,0.33,2,0.92
llama3.1:8b,0,2,3,0.33,2,9.41
llama3.1:8b,0,2,4,0.33,2,9.38
llama3.1:8b,0,2,5,0.33,2,1.30
llama3.1:8b,0,2,6,0.33,2,2.10
llama3.1:8b,0,2,0,0.33,4,4.34
llama3.1:8b,0,2,1,0.33,4,3.13
llama3.1:8b,0,2,2,0.33,4,2.12
llama3.1:8b,0,2,3,0.33,4,11.09
llama3.1:8b,0,2,4,0.33,4,5.14
llama3.1:8b,0,2,5,0.33,4,2.51
llama3.1:8b,0,2,6,0.33,4,4.95
llama3.1:8b,0,2,0,0.33,6,4.63
llama3.1:8b,0,2,1,0.33,6,3.35
llama3.1:8b,0,2,2,0.33,6,5.00
llama3.1:8b,0,2,3,0.33,6,14.61
llama3.1:8b,0,2,4,0.33,6,7.82
llama3.1:8b,0,2,5,0.33,6,5.61
llama3.1:8b,0,2,6,0.33,6,5.69
llama3.1:8b,0,2,0,0.33,8,6.24
llama3.1:8b,0,2,1,0.33,8,10.52
llama3.1:8b,0,2,2,0.33,8,11.70
llama3.1:8b,0,2,3,0.33,8,11.76
llama3.1:8b,0,2,4,0.33,8,8.65
llama3.1:8b,0,2,5,0.33,8,8.97
llama3.1:8b,0,2,6,0.33,8,6.40
llama3.1:8b,0,2,0,0.33,10,9.73
llama3.1:8b,0,2,1,0.33,10,8.02
llama3.1:8b,0,2,2,0.33,10,8.50
llama3.1:8b,0,2,3,0.33,10,15.22
llama3.1:8b,0,2,4,0.33,10,14.10
llama3.1:8b,0,2,5,0.33,10,11.36
llama3.1:8b,0,2,6,0.33,10,9.85
llama3.1:8b,0,2,0,0.33,12,11.46
llama3.1:8b,0,2,1,0.33,12,14.46
llama3.1:8b,0,2,2,0.33,12,7.49
llama3.1:8b,0,2,3,0.33,12,18.65
llama3.1:8b,0,2,4,0.33,12,13.22
llama3.1:8b,0,2,5,0.33,12,13.72
llama3.1:8b,0,2,6,0.33,12,10.04
llama3.1:8b,2,0,0,1.99,0,1.19
llama3.1:8b,2,0,1,1.99,0,1.23
llama3.1:8b,2,0,2,1.99,0,1.29
llama3.1:8b,2,0,3,1.99,0,7.08
llama3.1:8b,2,0,4,1.99,0,7.25
llama3.1:8b,2,0,5,1.99,0,1.45
llama3.1:8b,2,0,6,1.99,0,2.44
llama3.1:8b,2,0,0,1.99,2,3.22
llama3.1:8b,2,0,1,1.99,2,1.89
llama3.1:8b,2,0,2,1.99,2,1.82
llama3.1:8b,2,0,3,1.99,2,10.45
llama3.1:8b,2,0,4,1.99,2,6.56
llama3.1:8b,2,0,5,1.99,2,2.62
llama3.1:8b,2,0,6,1.99,2,3.74
llama3.1:8b,2,0,0,1.99,4,4.02
llama3.1:8b,2,0,1,1.99,4,4.14
llama3.1:8b,2,0,2,1.99,4,2.60
llama3.1:8b,2,0,3,1.99,4,16.39
llama3.1:8b,2,0,4,1.99,4,5.47
llama3.1:8b,2,0,5,1.99,4,5.00
llama3.1:8b,2,0,6,1.99,4,3.23
llama3.1:8b,2,0,0,1.99,6,4.71
llama3.1:8b,2,0,1,1.99,6,4.47
llama3.1:8b,2,0,2,1.99,6,5.52
llama3.1:8b,2,0,3,1.99,6,13.45
llama3.1:8b,2,0,4,1.99,6,6.22
llama3.1:8b,2,0,5,1.99,6,5.35
llama3.1:8b,2,0,6,1.99,6,4.24
llama3.1:8b,2,0,0,1.99,8,4.45
llama3.1:8b,2,0,1,1.99,8,5.19
llama3.1:8b,2,0,2,1.99,8,2.52
llama3.1:8b,2,0,3,1.99,8,15.08
llama3.1:8b,2,0,4,1.99,8,11.37
llama3.1:8b,2,0,5,1.99,8,5.76
llama3.1:8b,2,0,6,1.99,8,5.19
llama3.1:8b,2,0,0,1.99,10,5.26
llama3.1:8b,2,0,1,1.99,10,4.62
llama3.1:8b,2,0,2,1.99,10,7.06
llama3.1:8b,2,0,3,1.99,10,14.98
llama3.1:8b,2,0,4,1.99,10,7.30
llama3.1:8b,2,0,5,1.99,10,5.79
llama3.1:8b,2,0,6,1.99,10,6.95
llama3.1:8b,2,0,0,1.99,12,8.29
llama3.1:8b,2,0,1,1.99,12,7.58
llama3.1:8b,2,0,2,1.99,12,8.57
llama3.1:8b,2,0,3,1.99,12,14.75
llama3.1:8b,2,0,4,1.99,12,7.93
llama3.1:8b,2,0,5,1.99,12,11.84
llama3.1:8b,2,0,6,1.99,12,6.56
llama3.1:8b,2,1,0,2.17,0,0.96
llama3.1:8b,2,1,1,2.17,0,1.34
llama3.1:8b,2,1,2,2.17,0,1.20
llama3.1:8b,2,1,3,2.17,0,11.58
llama3.1:8b,2,1,4,2.17,0,9.93
llama3.1:8b,2,1,5,2.17,0,2.07
llama3.1:8b,2,1,6,2.17,0,1.35
llama3.1:8b,2,1,0,2.17,2,0.70
llama3.1:8b,2,1,1,2.17,2,1.64
llama3.1:8b,2,1,2,2.17,2,1.86
llama3.1:8b,2,1,3,2.17,2,5.80
llama3.1:8b,2,1,4,2.17,2,9.49
llama3.1:8b,2,1,5,2.17,2,2.40
llama3.1:8b,2,1,6,2.17,2,2.17
llama3.1:8b,2,1,0,2.17,4,2.51
llama3.1:8b,2,1,1,2.17,4,2.51
llama3.1:8b,2,1,2,2.17,4,2.29
llama3.1:8b,2,1,3,2.17,4,16.34
llama3.1:8b,2,1,4,2.17,4,4.05
llama3.1:8b,2,1,5,2.17,4,2.90
llama3.1:8b,2,1,6,2.17,4,2.30
llama3.1:8b,2,1,0,2.17,6,2.70
llama3.1:8b,2,1,1,2.17,6,2.29
llama3.1:8b,2,1,2,2.17,6,2.62
llama3.1:8b,2,1,3,2.17,6,15.73
llama3.1:8b,2,1,4,2.17,6,4.49
llama3.1:8b,2,1,5,2.17,6,3.15
llama3.1:8b,2,1,6,2.17,6,3.34
llama3.1:8b,2,1,0,2.17,8,2.96
llama3.1:8b,2,1,1,2.17,8,2.76
llama3.1:8b,2,1,2,2.17,8,2.94
llama3.1:8b,2,1,3,2.17,8,12.68
llama3.1:8b,2,1,4,2.17,8,7.13
llama3.1:8b,2,1,5,2.17,8,5.32
llama3.1:8b,2,1,6,2.17,8,5.20
llama3.1:8b,2,1,0,2.17,10,3.29
llama3.1:8b,2,1,1,2.17,10,3.69
llama3.1:8b,2,1,2,2.17,10,2.99
llama3.1:8b,2,1,3,2.17,10,12.48
llama3.1:8b,2,1,4,2.17,10,6.34
llama3.1:8b,2,1,5,2.17,10,5.00
llama3.1:8b,2,1,6,2.17,10,4.43
llama3.1:8b,2,1,0,2.17,12,4.95
llama3.1:8b,2,1,1,2.17,12,4.01
llama3.1:8b,2,1,2,2.17,12,5.73
llama3.1:8b,2,1,3,2.17,12,23.46
llama3.1:8b,2,1,4,2.17,12,7.95
llama3.1:8b,2,1,5,2.17,12,4.95
llama3.1:8b,2,1,6,2.17,12,6.86
llama3.1:8b,2,2,0,1.96,0,0.39
llama3.1:8b,2,2,1,1.96,0,1.70
llama3.1:8b,2,2,2,1.96,0,1.46
llama3.1:8b,2,2,3,1.96,0,13.60
llama3.1:8b,2,2,4,1.96,0,9.01
llama3.1:8b,2,2,5,1.96,0,1.54
llama3.1:8b,2,2,6,1.96,0,3.41
llama3.1:8b,2,2,0,1.96,2,1.41
llama3.1:8b,2,2,1,1.96,2,1.56
llama3.1:8b,2,2,2,1.96,2,2.24
llama3.1:8b,2,2,3,1.96,2,9.96
llama3.1:8b,2,2,4,1.96,2,1.91
llama3.1:8b,2,2,5,1.96,2,3.95
llama3.1:8b,2,2,6,1.96,2,2.03
llama3.1:8b,2,2,0,1.96,4,2.49
llama3.1:8b,2,2,1,1.96,4,3.43
llama3.1:8b,2,2,2,1.96,4,2.38
llama3.1:8b,2,2,3,1.96,4,13.89
llama3.1:8b,2,2,4,1.96,4,6.13
llama3.1:8b,2,2,5,1.96,4,4.09
llama3.1:8b,2,2,6,1.96,4,3.05
llama3.1:8b,2,2,0,1.96,6,3.70
llama3.1:8b,2,2,1,1.96,6,3.81
llama3.1:8b,2,2,2,1.96,6,2.68
llama3.1:8b,2,2,3,1.96,6,24.11
llama3.1:8b,2,2,4,1.96,6,9.15
llama3.1:8b,2,2,5,1.96,6,5.06
llama3.1:8b,2,2,6,1.96,6,5.48
llama3.1:8b,2,2,0,1.96,8,5.30
llama3.1:8b,2,2,1,1.96,8,5.08
llama3.1:8b,2,2,2,1.96,8,2.45
llama3.1:8b,2,2,3,1.96,8,12.41
llama3.1:8b,2,2,4,1.96,8,10.13
llama3.1:8b,2,2,5,1.96,8,7.07
llama3.1:8b,2,2,6,1.96,8,4.63
llama3.1:8b,2,2,0,1.96,10,4.22
llama3.1:8b,2,2,1,1.96,10,4.14
llama3.1:8b,2,2,2,1.96,10,5.53
llama3.1:8b,2,2,3,1.96,10,12.78
llama3.1:8b,2,2,4,1.96,10,3.78
llama3.1:8b,2,2,5,1.96,10,6.58
llama3.1:8b,2,2,6,1.96,10,4.30
llama3.1:8b,2,2,0,1.96,12,6.39
llama3.1:8b,2,2,1,1.96,12,9.56
llama3.1:8b,2,2,2,1.96,12,9.43
llama3.1:8b,2,2,3,1.96,12,17.29
llama3.1:8b,2,2,4,1.96,12,6.95
llama3.1:8b,2,2,5,1.96,12,6.79
llama3.1:8b,2,2,6,1.96,12,8.89
llama3.1:8b,4,0,0,3.85,0,2.34
llama3.1:8b,4,0,1,3.85,0,1.60
llama3.1:8b,4,0,2,3.85,0,1.76
llama3.1:8b,4,0,3,3.85,0,8.80
llama3.1:8b,4,0,4,3.85,0,9.04
llama3.1:8b,4,0,5,3.85,0,1.78
llama3.1:8b,4,0,6,3.85,0,1.91
llama3.1:8b,4,0,0,3.85,2,2.01
llama3.1:8b,4,0,1,3.85,2,2.33
llama3.1:8b,4,0,2,3.85,2,3.36
llama3.1:8b,4,0,3,3.85,2,9.25
llama3.1:8b,4,0,4,3.85,2,4.03
llama3.1:8b,4,0,5,3.85,2,2.51
llama3.1:8b,4,0,6,3.85,2,2.24
llama3.1:8b,4,0,0,3.85,4,2.88
llama3.1:8b,4,0,1,3.85,4,3.76
llama3.1:8b,4,0,2,3.85,4,3.23
llama3.1:8b,4,0,3,3.85,4,12.17
llama3.1:8b,4,0,4,3.85,4,6.36
llama3.1:8b,4,0,5,3.85,4,3.03
llama3.1:8b,4,0,6,3.85,4,3.86
llama3.1:8b,4,0,0,3.85,6,3.78
llama3.1:8b,4,0,1,3.85,6,3.28
llama3.1:8b,4,0,2,3.85,6,3.65
llama3.1:8b,4,0,3,3.85,6,8.97
llama3.1:8b,4,0,4,3.85,6,4.08
llama3.1:8b,4,0,5,3.85,6,4.35
llama3.1:8b,4,0,6,3.85,6,5.09
llama3.1:8b,4,0,0,3.85,8,4.25
llama3.1:8b,4,0,1,3.85,8,3.80
llama3.1:8b,4,0,2,3.85,8,3.83
llama3.1:8b,4,0,3,3.85,8,10.82
llama3.1:8b,4,0,4,3.85,8,9.43
llama3.1:8b,4,0,5,3.85,8,4.88
llama3.1:8b,4,0,6,3.85,8,4.79
llama3.1:8b,4,0,0,3.85,10,3.48
llama3.1:8b,4,0,1,3.85,10,5.20
llama3.1:8b,4,0,2,3.85,10,3.76
llama3.1:8b,4,0,3,3.85,10,14.22
llama3.1:8b,4,0,4,3.85,10,5.76
llama3.1:8b,4,0,5,3.85,10,5.41
llama3.1:8b,4,0,6,3.85,10,5.39
llama3.1:8b,4,0,0,3.85,12,6.82
llama3.1:8b,4,0,1,3.85,12,5.53
llama3.1:8b,4,0,2,3.85,12,4.70
llama3.1:8b,4,0,3,3.85,12,10.81
llama3.1:8b,4,0,4,3.85,12,9.03
llama3.1:8b,4,0,5,3.85,12,12.60
llama3.1:8b,4,0,6,3.85,12,6.59
llama3.1:8b,4,1,0,3.69,0,1.09
llama3.1:8b,4,1,1,3.69,0,1.57
llama3.1:8b,4,1,2,3.69,0,2.18
llama3.1:8b,4,1,3,3.69,0,15.48
llama3.1:8b,4,1,4,3.69,0,8.43
llama3.1:8b,4,1,5,3.69,0,1.72
llama3.1:8b,4,1,6,3.69,0,1.43
llama3.1:8b,4,1,0,3.69,2,2.53
llama3.1:8b,4,1,1,3.69,2,1.83
llama3.1:8b,4,1,2,3.69,2,1.62
llama3.1:8b,4,1,3,3.69,2,13.95
llama3.1:8b,4,1,4,3.69,2,7.54
llama3.1:8b,4,1,5,3.69,2,2.22
llama3.1:8b,4,1,6,3.69,2,1.27
llama3.1:8b,4,1,0,3.69,4,4.64
llama3.1:8b,4,1,1,3.69,4,2.76
llama3.1:8b,4,1,2,3.69,4,2.07
llama3.1:8b,4,1,3,3.69,4,16.47
llama3.1:8b,4,1,4,3.69,4,3.72
llama3.1:8b,4,1,5,3.69,4,1.90
llama3.1:8b,4,1,6,3.69,4,2.20
llama3.1:8b,4,1,0,3.69,6,4.57
llama3.1:8b,4,1,1,3.69,6,4.65
llama3.1:8b,4,1,2,3.69,6,2.46
llama3.1:8b,4,1,3,3.69,6,27.53
llama3.1:8b,4,1,4,3.69,6,4.50
llama3.1:8b,4,1,5,3.69,6,4.18
llama3.1:8b,4,1,6,3.69,6,3.36
llama3.1:8b,4,1,0,3.69,8,4.37
llama3.1:8b,4,1,1,3.69,8,2.67
llama3.1:8b,4,1,2,3.69,8,2.86
llama3.1:8b,4,1,3,3.69,8,19.81
llama3.1:8b,4,1,4,3.69,8,8.21
llama3.1:8b,4,1,5,3.69,8,4.69
llama3.1:8b,4,1,6,3.69,8,4.07
llama3.1:8b,4,1,0,3.69,10,5.40
llama3.1:8b,4,1,1,3.69,10,6.68
llama3.1:8b,4,1,2,3.69,10,6.05
llama3.1:8b,4,1,3,3.69,10,11.01
llama3.1:8b,4,1,4,3.69,10,12.92
llama3.1:8b,4,1,5,3.69,10,4.96
llama3.1:8b,4,1,6,3.69,10,4.51
llama3.1:8b,4,1,0,3.69,12,8.67
llama3.1:8b,4,1,1,3.69,12,11.77
llama3.1:8b,4,1,2,3.69,12,10.69
llama3.1:8b,4,1,3,3.69,12,16.88
llama3.1:8b,4,1,4,3.69,12,10.28
llama3.1:8b,4,1,5,3.69,12,9.09
llama3.1:8b,4,1,6,3.69,12,8.46
llama3.1:8b,4,2,0,3.82,0,1.56
llama3.1:8b,4,2,1,3.82,0,3.20
llama3.1:8b,4,2,2,3.82,0,2.24
llama3.1:8b,4,2,3,3.82,0,12.94
llama3.1:8b,4,2,4,3.82,0,7.84
llama3.1:8b,4,2,5,3.82,0,2.14
llama3.1:8b,4,2,6,3.82,0,2.13
llama3.1:8b,4,2,0,3.82,2,3.24
llama3.1:8b,4,2,1,3.82,2,2.77
llama3.1:8b,4,2,2,3.82,2,2.05
llama3.1:8b,4,2,3,3.82,2,17.05
llama3.1:8b,4,2,4,3.82,2,2.54
llama3.1:8b,4,2,5,3.82,2,2.18
llama3.1:8b,4,2,6,3.82,2,2.12
llama3.1:8b,4,2,0,3.82,4,3.96
llama3.1:8b,4,2,1,3.82,4,4.12
llama3.1:8b,4,2,2,3.82,4,4.35
llama3.1:8b,4,2,3,3.82,4,13.39
llama3.1:8b,4,2,4,3.82,4,6.32
llama3.1:8b,4,2,5,3.82,4,2.84
llama3.1:8b,4,2,6,3.82,4,3.95
llama3.1:8b,4,2,0,3.82,6,3.41
llama3.1:8b,4,2,1,3.82,6,3.82
llama3.1:8b,4,2,2,3.82,6,3.51
llama3.1:8b,4,2,3,3.82,6,11.94
llama3.1:8b,4,2,4,3.82,6,1.78
llama3.1:8b,4,2,5,3.82,6,5.16
llama3.1:8b,4,2,6,3.82,6,5.79
llama3.1:8b,4,2,0,3.82,8,6.24
llama3.1:8b,4,2,1,3.82,8,4.51
llama3.1:8b,4,2,2,3.82,8,4.41
llama3.1:8b,4,2,3,3.82,8,14.04
llama3.1:8b,4,2,4,3.82,8,7.97
llama3.1:8b,4,2,5,3.82,8,4.46
llama3.1:8b,4,2,6,3.82,8,4.32
llama3.1:8b,4,2,0,3.82,10,7.07
llama3.1:8b,4,2,1,3.82,10,5.95
llama3.1:8b,4,2,2,3.82,10,7.73
llama3.1:8b,4,2,3,3.82,10,11.17
llama3.1:8b,4,2,4,3.82,10,12.07
llama3.1:8b,4,2,5,3.82,10,5.76
llama3.1:8b,4,2,6,3.82,10,3.48
llama3.1:8b,4,2,0,3.82,12,9.82
llama3.1:8b,4,2,1,3.82,12,9.73
llama3.1:8b,4,2,2,3.82,12,7.95
llama3.1:8b,4,2,3,3.82,12,10.82
llama3.1:8b,4,2,4,3.82,12,14.29
llama3.1:8b,4,2,5,3.82,12,10.36
llama3.1:8b,4,2,6,3.82,12,12.00
llama3.1:8b,6,0,0,6.18,0,3.43
llama3.1:8b,6,0,1,6.18,0,3.92
llama3.1:8b,6,0,2,6.18,0,2.97
llama3.1:8b,6,0,3,6.18,0,12.45
llama3.1:8b,6,0,4,6.18,0,16.99
llama3.1:8b,6,0,5,6.18,0,2.95
llama3.1:8b,6,0,6,6.18,0,3.34
llama3.1:8b,6,0,0,6.18,2,4.64
llama3.1:8b,6,0,1,6.18,2,4.27
llama3.1:8b,6,0,2,6.18,2,5.20
llama3.1:8b,6,0,3,6.18,2,12.68
llama3.1:8b,6,0,4,6.18,2,7.76
llama3.1:8b,6,0,5,6.18,2,4.34
llama3.1:8b,6,0,6,6.18,2,5.36
llama3.1:8b,6,0,0,6.18,4,5.15
llama3.1:8b,6,0,1,6.18,4,5.53
llama3.1:8b,6,0,2,6.18,4,5.11
llama3.1:8b,6,0,3,6.18,4,10.81
llama3.1:8b,6,0,4,6.18,4,5.55
llama3.1:8b,6,0,5,6.18,4,5.65
llama3.1:8b,6,0,6,6.18,4,5.22
llama3.1:8b,6,0,0,6.18,6,5.90
llama3.1:8b,6,0,1,6.18,6,6.22
llama3.1:8b,6,0,2,6.18,6,4.80
llama3.1:8b,6,0,3,6.18,6,11.98
llama3.1:8b,6,0,4,6.18,6,6.37
llama3.1:8b,6,0,5,6.18,6,5.11
llama3.1:8b,6,0,6,6.18,6,7.48
llama3.1:8b,6,0,0,6.18,8,6.80
llama3.1:8b,6,0,1,6.18,8,7.43
llama3.1:8b,6,0,2,6.18,8,6.68
llama3.1:8b,6,0,3,6.18,8,17.76
llama3.1:8b,6,0,4,6.18,8,9.80
llama3.1:8b,6,0,5,6.18,8,7.04
llama3.1:8b,6,0,6,6.18,8,6.29
llama3.1:8b,6,0,0,6.18,10,7.24
llama3.1:8b,6,0,1,6.18,10,7.71
llama3.1:8b,6,0,2,6.18,10,7.22
llama3.1:8b,6,0,3,6.18,10,17.31
llama3.1:8b,6,0,4,6.18,10,14.65
llama3.1:8b,6,0,5,6.18,10,7.26
llama3.1:8b,6,0,6,6.18,10,8.90
llama3.1:8b,6,0,0,6.18,12,11.79
llama3.1:8b,6,0,1,6.18,12,10.06
llama3.1:8b,6,0,2,6.18,12,11.77
llama3.1:8b,6,0,3,6.18,12,10.48
llama3.1:8b,6,0,4,6.18,12,13.22
llama3.1:8b,6,0,5,6.18,12,13.82
llama3.1:8b,6,0,6,6.18,12,10.83
llama3.1:8b,6,1,0,5.79,0,2.02
llama3.1:8b,6,1,1,5.79,0,2.30
llama3.1:8b,6,1,2,5.79,0,2.14
llama3.1:8b,6,1,3,5.79,0,13.06
llama3.1:8b,6,1,4,5.79,0,1.39
llama3.1:8b,6,1,5,5.79,0,2.31
llama3.1:8b,6,1,6,5.79,0,2.67
llama3.1:8b,6,1,0,5.79,2,2.97
llama3.1:8b,6,1,1,5.79,2,2.69
llama3.1:8b,6,1,2,5.79,2,2.58
llama3.1:8b,6,1,3,5.79,2,15.04
llama3.1:8b,6,1,4,5.79,2,7.41
llama3.1:8b,6,1,5,5.79,2,2.14
llama3.1:8b,6,1,6,5.79,2,1.29
llama3.1:8b,6,1,0,5.79,4,3.51
llama3.1:8b,6,1,1,5.79,4,3.86
llama3.1:8b,6,1,2,5.79,4,3.52
llama3.1:8b,6,1,3,5.79,4,14.91
llama3.1:8b,6,1,4,5.79,4,9.18
llama3.1:8b,6,1,5,5.79,4,4.19
llama3.1:8b,6,1,6,5.79,4,3.79
llama3.1:8b,6,1,0,5.79,6,4.50
llama3.1:8b,6,1,1,5.79,6,3.35
llama3.1:8b,6,1,2,5.79,6,4.10
llama3.1:8b,6,1,3,5.79,6,16.79
llama3.1:8b,6,1,4,5.79,6,13.61
llama3.1:8b,6,1,5,5.79,6,5.19
llama3.1:8b,6,1,6,5.79,6,3.90
llama3.1:8b,6,1,0,5.79,8,5.34
llama3.1:8b,6,1,1,5.79,8,5.07
llama3.1:8b,6,1,2,5.79,8,4.34
llama3.1:8b,6,1,3,5.79,8,16.47
llama3.1:8b,6,1,4,5.79,8,8.27
llama3.1:8b,6,1,5,5.79,8,5.03
llama3.1:8b,6,1,6,5.79,8,6.12
llama3.1:8b,6,1,0,5.79,10,7.25
llama3.1:8b,6,1,1,5.79,10,5.90
llama3.1:8b,6,1,2,5.79,10,6.81
llama3.1:8b,6,1,3,5.79,10,11.94
llama3.1:8b,6,1,4,5.79,10,12.73
llama3.1:8b,6,1,5,5.79,10,6.44
llama3.1:8b,6,1,6,5.79,10,5.75
llama3.1:8b,6,1,0,5.79,12,9.20
llama3.1:8b,6,1,1,5.79,12,7.28
llama3.1:8b,6,1,2,5.79,12,7.33
llama3.1:8b,6,1,3,5.79,12,9.14
llama3.1:8b,6,1,4,5.79,12,11.69
llama3.1:8b,6,1,5,5.79,12,13.10
llama3.1:8b,6,1,6,5.79,12,10.46
llama3.1:8b,6,2,0,5.61,0,4.81
llama3.1:8b,6,2,1,5.61,0,4.85
llama3.1:8b,6,2,2,5.61,0,4.21
llama3.1:8b,6,2,3,5.61,0,12.84
llama3.1:8b,6,2,4,5.61,0,5.95
llama3.1:8b,6,2,5,5.61,0,4.07
llama3.1:8b,6,2,6,5.61,0,5.32
llama3.1:8b,6,2,0,5.61,2,4.68
llama3.1:8b,6,2,1,5.61,2,4.14
llama3.1:8b,6,2,2,5.61,2,4.17
llama3.1:8b,6,2,3,5.61,2,15.95
llama3.1:8b,6,2,4,5.61,2,10.46
llama3.1:8b,6,2,5,5.61,2,4.00
llama3.1:8b,6,2,6,5.61,2,4.21
llama3.1:8b,6,2,0,5.61,4,5.92
llama3.1:8b,6,2,1,5.61,4,5.62
llama3.1:8b,6,2,2,5.61,4,5.61
llama3.1:8b,6,2,3,5.61,4,17.67
llama3.1:8b,6,2,4,5.61,4,9.36
llama3.1:8b,6,2,5,5.61,4,5.29
llama3.1:8b,6,2,6,5.61,4,4.97
llama3.1:8b,6,2,0,5.61,6,5.27
llama3.1:8b,6,2,1,5.61,6,6.40
llama3.1:8b,6,2,2,5.61,6,5.77
llama3.1:8b,6,2,3,5.61,6,17.24
llama3.1:8b,6,2,4,5.61,6,10.95
llama3.1:8b,6,2,5,5.61,6,5.56
llama3.1:8b,6,2,6,5.61,6,5.69
llama3.1:8b,6,2,0,5.61,8,7.56
llama3.1:8b,6,2,1,5.61,8,6.60
llama3.1:8b,6,2,2,5.61,8,5.19
llama3.1:8b,6,2,3,5.61,8,6.79
llama3.1:8b,6,2,4,5.61,8,11.45
llama3.1:8b,6,2,5,5.61,8,7.54
llama3.1:8b,6,2,6,5.61,8,5.55
llama3.1:8b,6,2,0,5.61,10,7.76
llama3.1:8b,6,2,1,5.61,10,6.76
llama3.1:8b,6,2,2,5.61,10,5.21
llama3.1:8b,6,2,3,5.61,10,9.60
llama3.1:8b,6,2,4,5.61,10,13.04
llama3.1:8b,6,2,5,5.61,10,7.16
llama3.1:8b,6,2,6,5.61,10,8.98
llama3.1:8b,6,2,0,5.61,12,10.85
llama3.1:8b,6,2,1,5.61,12,13.51
llama3.1:8b,6,2,2,5.61,12,13.82
llama3.1:8b,6,2,3,5.61,12,13.16
llama3.1:8b,6,2,4,5.61,12,12.86
llama3.1:8b,6,2,5,5.61,12,11.73
llama3.1:8b,6,2,6,5.61,12,12.28
llama3.1:8b,8,0,0,7.91,0,4.63
llama3.1:8b,8,0,1,7.91,0,3.77
llama3.1:8b,8,0,2,7.91,0,4.98
llama3.1:8b,8,0,3,7.91,0,13.73
llama3.1:8b,8,0,4,7.91,0,8.08
llama3.1:8b,8,0,5,7.91,0,4.26
llama3.1:8b,8,0,6,7.91,0,3.91
llama3.1:8b,8,0,0,7.91,2,5.98
llama3.1:8b,8,0,1,7.91,2,3.43
llama3.1:8b,8,0,2,7.91,2,4.22
llama3.1:8b,8,0,3,7.91,2,15.88
llama3.1:8b,8,0,4,7.91,2,9.44
llama3.1:8b,8,0,5,7.91,2,4.18
llama3.1:8b,8,0,6,7.91,2,5.12
llama3.1:8b,8,0,0,7.91,4,6.02
llama3.1:8b,8,0,1,7.91,4,5.84
llama3.1:8b,8,0,2,7.91,4,5.99
llama3.1:8b,8,0,3,7.91,4,13.95
llama3.1:8b,8,0,4,7.91,4,7.13
llama3.1:8b,8,0,5,7.91,4,5.68
llama3.1:8b,8,0,6,7.91,4,6.63
llama3.1:8b,8,0,0,7.91,6,6.41
llama3.1:8b,8,0,1,7.91,6,6.33
llama3.1:8b,8,0,2,7.91,6,6.62
llama3.1:8b,8,0,3,7.91,6,17.90
llama3.1:8b,8,0,4,7.91,6,9.09
llama3.1:8b,8,0,5,7.91,6,7.38
llama3.1:8b,8,0,6,7.91,6,7.99
llama3.1:8b,8,0,0,7.91,8,8.33
llama3.1:8b,8,0,1,7.91,8,7.02
llama3.1:8b,8,0,2,7.91,8,8.46
llama3.1:8b,8,0,3,7.91,8,15.56
llama3.1:8b,8,0,4,7.91,8,9.73
llama3.1:8b,8,0,5,7.91,8,7.85
llama3.1:8b,8,0,6,7.91,8,9.16
llama3.1:8b,8,0,0,7.91,10,8.16
llama3.1:8b,8,0,1,7.91,10,9.97
llama3.1:8b,8,0,2,7.91,10,7.07
llama3.1:8b,8,0,3,7.91,10,13.47
llama3.1:8b,8,0,4,7.91,10,11.57
llama3.1:8b,8,0,5,7.91,10,8.67
llama3.1:8b,8,0,6,7.91,10,8.98
llama3.1:8b,8,0,0,7.91,12,10.47
llama3.1:8b,8,0,1,7.91,12,12.61
llama3.1:8b,8,0,2,7.91,12,12.47
llama3.1:8b,8,0,3,7.91,12,12.74
llama3.1:8b,8,0,4,7.91,12,13.59
llama3.1:8b,8,0,5,7.91,12,13.47
llama3.1:8b,8,0,6,7.91,12,12.56
llama3.1:8b,8,1,0,7.74,0,5.18
llama3.1:8b,8,1,1,7.74,0,5.47
llama3.1:8b,8,1,2,7.74,0,4.15
llama3.1:8b,8,1,3,7.74,0,13.56
llama3.1:8b,8,1,4,7.74,0,1.83
llama3.1:8b,8,1,5,7.74,0,4.62
llama3.1:8b,8,1,6,7.74,0,3.85
llama3.1:8b,8,1,0,7.74,2,5.98
llama3.1:8b,8,1,1,7.74,2,4.51
llama3.1:8b,8,1,2,7.74,2,4.95
llama3.1:8b,8,1,3,7.74,2,15.52
llama3.1:8b,8,1,4,7.74,2,5.01
llama3.1:8b,8,1,5,7.74,2,5.20
llama3.1:8b,8,1,6,7.74,2,4.49
llama3.1:8b,8,1,0,7.74,4,6.33
llama3.1:8b,8,1,1,7.74,4,6.51
llama3.1:8b,8,1,2,7.74,4,6.72
llama3.1:8b,8,1,3,7.74,4,17.61
llama3.1:8b,8,1,4,7.74,4,5.22
llama3.1:8b,8,1,5,7.74,4,7.43
llama3.1:8b,8,1,6,7.74,4,6.21
llama3.1:8b,8,1,0,7.74,6,7.67
llama3.1:8b,8,1,1,7.74,6,7.15
llama3.1:8b,8,1,2,7.74,6,8.40
llama3.1:8b,8,1,3,7.74,6,14.18
llama3.1:8b,8,1,4,7.74,6,11.42
llama3.1:8b,8,1,5,7.74,6,7.69
llama3.1:8b,8,1,6,7.74,6,7.56
llama3.1:8b,8,1,0,7.74,8,7.21
llama3.1:8b,8,1,1,7.74,8,11.20
llama3.1:8b,8,1,2,7.74,8,10.02
llama3.1:8b,8,1,3,7.74,8,15.44
llama3.1:8b,8,1,4,7.74,8,12.93
llama3.1:8b,8,1,5,7.74,8,7.91
llama3.1:8b,8,1,6,7.74,8,9.35
llama3.1:8b,8,1,0,7.74,10,9.65
llama3.1:8b,8,1,1,7.74,10,10.12
llama3.1:8b,8,1,2,7.74,10,10.57
llama3.1:8b,8,1,3,7.74,10,17.24
llama3.1:8b,8,1,4,7.74,10,9.79
llama3.1:8b,8,1,5,7.74,10,11.80
llama3.1:8b,8,1,6,7.74,10,8.46
llama3.1:8b,8,1,0,7.74,12,14.54
llama3.1:8b,8,1,1,7.74,12,12.39
llama3.1:8b,8,1,2,7.74,12,13.05
llama3.1:8b,8,1,3,7.74,12,14.71
llama3.1:8b,8,1,4,7.74,12,13.03
llama3.1:8b,8,1,5,7.74,12,15.07
llama3.1:8b,8,1,6,7.74,12,14.78
llama3.1:8b,8,2,0,8.22,0,4.45
llama3.1:8b,8,2,1,8.22,0,6.10
llama3.1:8b,8,2,2,8.22,0,3.39
llama3.1:8b,8,2,3,8.22,0,14.61
llama3.1:8b,8,2,4,8.22,0,8.57
llama3.1:8b,8,2,5,8.22,0,4.18
llama3.1:8b,8,2,6,8.22,0,4.97
llama3.1:8b,8,2,0,8.22,2,4.44
llama3.1:8b,8,2,1,8.22,2,5.92
llama3.1:8b,8,2,2,8.22,2,4.94
llama3.1:8b,8,2,3,8.22,2,13.85
llama3.1:8b,8,2,4,8.22,2,8.15
llama3.1:8b,8,2,5,8.22,2,6.27
llama3.1:8b,8,2,6,8.22,2,6.49
llama3.1:8b,8,2,0,8.22,4,6.63
llama3.1:8b,8,2,1,8.22,4,6.78
llama3.1:8b,8,2,2,8.22,4,7.49
llama3.1:8b,8,2,3,8.22,4,8.64
llama3.1:8b,8,2,4,8.22,4,7.51
llama3.1:8b,8,2,5,8.22,4,6.66
llama3.1:8b,8,2,6,8.22,4,6.67
llama3.1:8b,8,2,0,8.22,6,6.12
llama3.1:8b,8,2,1,8.22,6,7.32
llama3.1:8b,8,2,2,8.22,6,8.19
llama3.1:8b,8,2,3,8.22,6,12.63
llama3.1:8b,8,2,4,8.22,6,8.11
llama3.1:8b,8,2,5,8.22,6,6.43
llama3.1:8b,8,2,6,8.22,6,8.30
llama3.1:8b,8,2,0,8.22,8,7.65
llama3.1:8b,8,2,1,8.22,8,8.95
llama3.1:8b,8,2,2,8.22,8,7.64
llama3.1:8b,8,2,3,8.22,8,15.95
llama3.1:8b,8,2,4,8.22,8,11.69
llama3.1:8b,8,2,5,8.22,8,9.23
llama3.1:8b,8,2,6,8.22,8,10.15
llama3.1:8b,8,2,0,8.22,10,7.31
llama3.1:8b,8,2,1,8.22,10,8.65
llama3.1:8b,8,2,2,8.22,10,7.66
llama3.1:8b,8,2,3,8.22,10,16.79
llama3.1:8b,8,2,4,8.22,10,10.49
llama3.1:8b,8,2,5,8.22,10,8.85
llama3.1:8b,8,2,6,8.22,10,8.33
llama3.1:8b,8,2,0,8.22,12,11.50
llama3.1:8b,8,2,1,8.22,12,11.76
llama3.1:8b,8,2,2,8.22,12,10.36
llama3.1:8b,8,2,3,8.22,12,18.28
llama3.1:8b,8,2,4,8.22,12,12.88
llama3.1:8b,8,2,5,8.22,12,11.97
llama3.1:8b,8,2,6,8.22,12,12.09
llama3.1:8b,10,0,0,10.07,0,4.20
llama3.1:8b,10,0,1,10.07,0,3.63
llama3.1:8b,10,0,2,10.07,0,3.37
llama3.1:8b,10,0,3,10.07,0,14.18
llama3.1:8b,10,0,4,10.07,0,29.79
llama3.1:8b,10,0,5,10.07,0,2.55
llama3.1:8b,10,0,6,10.07,0,3.96
llama3.1:8b,10,0,0,10.07,2,5.21
llama3.1:8b,10,0,1,10.07,2,3.72
llama3.1:8b,10,0,2,10.07,2,4.44
llama3.1:8b,10,0,3,10.07,2,11.86
llama3.1:8b,10,0,4,10.07,2,7.78
llama3.1:8b,10,0,5,10.07,2,3.84
llama3.1:8b,10,0,6,10.07,2,3.42
llama3.1:8b,10,0,0,10.07,4,6.86
llama3.1:8b,10,0,1,10.07,4,6.98
llama3.1:8b,10,0,2,10.07,4,6.01
llama3.1:8b,10,0,3,10.07,4,15.88
llama3.1:8b,10,0,4,10.07,4,17.39
llama3.1:8b,10,0,5,10.07,4,7.82
llama3.1:8b,10,0,6,10.07,4,5.55
llama3.1:8b,10,0,0,10.07,6,7.86
llama3.1:8b,10,0,1,10.07,6,7.16
llama3.1:8b,10,0,2,10.07,6,9.17
llama3.1:8b,10,0,3,10.07,6,13.37
llama3.1:8b,10,0,4,10.07,6,4.14
llama3.1:8b,10,0,5,10.07,6,6.88
llama3.1:8b,10,0,6,10.07,6,7.43
llama3.1:8b,10,0,0,10.07,8,9.83
llama3.1:8b,10,0,1,10.07,8,8.36
llama3.1:8b,10,0,2,10.07,8,7.98
llama3.1:8b,10,0,3,10.07,8,15.81
llama3.1:8b,10,0,4,10.07,8,21.45
llama3.1:8b,10,0,5,10.07,8,8.98
llama3.1:8b,10,0,6,10.07,8,7.47
llama3.1:8b,10,0,0,10.07,10,8.89
llama3.1:8b,10,0,1,10.07,10,8.23
llama3.1:8b,10,0,2,10.07,10,8.11
llama3.1:8b,10,0,3,10.07,10,17.24
llama3.1:8b,10,0,4,10.07,10,9.70
llama3.1:8b,10,0,5,10.07,10,10.13
llama3.1:8b,10,0,6,10.07,10,9.06
llama3.1:8b,10,0,0,10.07,12,9.13
llama3.1:8b,10,0,1,10.07,12,12.15
llama3.1:8b,10,0,2,10.07,12,10.53
llama3.1:8b,10,0,3,10.07,12,10.82
llama3.1:8b,10,0,4,10.07,12,12.88
llama3.1:8b,10,0,5,10.07,12,9.44
llama3.1:8b,10,0,6,10.07,12,10.96
llama3.1:8b,10,1,0,10.10,0,5.96
llama3.1:8b,10,1,1,10.10,0,5.04
llama3.1:8b,10,1,2,10.10,0,5.15
llama3.1:8b,10,1,3,10.10,0,11.17
llama3.1:8b,10,1,4,10.10,0,15.82
llama3.1:8b,10,1,5,10.10,0,4.59
llama3.1:8b,10,1,6,10.10,0,4.53
llama3.1:8b,10,1,0,10.10,2,4.95
llama3.1:8b,10,1,1,10.10,2,5.94
llama3.1:8b,10,1,2,10.10,2,5.67
llama3.1:8b,10,1,3,10.10,2,7.75
llama3.1:8b,10,1,4,10.10,2,6.14
llama3.1:8b,10,1,5,10.10,2,4.70
llama3.1:8b,10,1,6,10.10,2,5.91
llama3.1:8b,10,1,0,10.10,4,5.62
llama3.1:8b,10,1,1,10.10,4,6.74
llama3.1:8b,10,1,2,10.10,4,7.83
llama3.1:8b,10,1,3,10.10,4,12.69
llama3.1:8b,10,1,4,10.10,4,6.39
llama3.1:8b,10,1,5,10.10,4,5.55
llama3.1:8b,10,1,6,10.10,4,7.17
llama3.1:8b,10,1,0,10.10,6,7.65
llama3.1:8b,10,1,1,10.10,6,8.77
llama3.1:8b,10,1,2,10.10,6,8.22
llama3.1:8b,10,1,3,10.10,6,10.77
llama3.1:8b,10,1,4,10.10,6,7.04
llama3.1:8b,10,1,5,10.10,6,8.58
llama3.1:8b,10,1,6,10.10,6,9.48
llama3.1:8b,10,1,0,10.10,8,9.23
llama3.1:8b,10,1,1,10.10,8,9.06
llama3.1:8b,10,1,2,10.10,8,9.61
llama3.1:8b,10,1,3,10.10,8,13.06
llama3.1:8b,10,1,4,10.10,8,12.06
llama3.1:8b,10,1,5,10.10,8,8.54
llama3.1:8b,10,1,6,10.10,8,9.67
llama3.1:8b,10,1,0,10.10,10,10.34
llama3.1:8b,10,1,1,10.10,10,9.40
llama3.1:8b,10,1,2,10.10,10,8.85
llama3.1:8b,10,1,3,10.10,10,11.89
llama3.1:8b,10,1,4,10.10,10,11.90
llama3.1:8b,10,1,5,10.10,10,9.32
llama3.1:8b,10,1,6,10.10,10,11.27
llama3.1:8b,10,1,0,10.10,12,10.25
llama3.1:8b,10,1,1,10.10,12,10.83
llama3.1:8b,10,1,2,10.10,12,11.87
llama3.1:8b,10,1,3,10.10,12,17.28
llama3.1:8b,10,1,4,10.10,12,23.59
llama3.1:8b,10,1,5,10.10,12,9.67
llama3.1:8b,10,1,6,10.10,12,11.81
llama3.1:8b,10,2,0,10.20,0,3.50
llama3.1:8b,10,2,1,10.20,0,3.24
llama3.1:8b,10,2,2,10.20,0,2.62
llama3.1:8b,10,2,3,10.20,0,10.93
llama3.1:8b,10,2,4,10.20,0,8.31
llama3.1:8b,10,2,5,10.20,0,3.95
llama3.1:8b,10,2,6,10.20,0,3.93
llama3.1:8b,10,2,0,10.20,2,4.30
llama3.1:8b,10,2,1,10.20,2,3.97
llama3.1:8b,10,2,2,10.20,2,4.32
llama3.1:8b,10,2,3,10.20,2,11.86
llama3.1:8b,10,2,4,10.20,2,7.15
llama3.1:8b,10,2,5,10.20,2,4.09
llama3.1:8b,10,2,6,10.20,2,4.41
llama3.1:8b,10,2,0,10.20,4,5.74
llama3.1:8b,10,2,1,10.20,4,5.94
llama3.1:8b,10,2,2,10.20,4,5.55
llama3.1:8b,10,2,3,10.20,4,12.41
llama3.1:8b,10,2,4,10.20,4,9.17
llama3.1:8b,10,2,5,10.20,4,6.32
llama3.1:8b,10,2,6,10.20,4,5.45
llama3.1:8b,10,2,0,10.20,6,7.72
llama3.1:8b,10,2,1,10.20,6,5.51
llama3.1:8b,10,2,2,10.20,6,6.65
llama3.1:8b,10,2,3,10.20,6,14.97
llama3.1:8b,10,2,4,10.20,6,9.96
llama3.1:8b,10,2,5,10.20,6,6.43
llama3.1:8b,10,2,6,10.20,6,7.09
llama3.1:8b,10,2,0,10.20,8,10.35
llama3.1:8b,10,2,1,10.20,8,8.05
llama3.1:8b,10,2,2,10.20,8,5.52
llama3.1:8b,10,2,3,10.20,8,20.16
llama3.1:8b,10,2,4,10.20,8,11.04
llama3.1:8b,10,2,5,10.20,8,8.03
llama3.1:8b,10,2,6,10.20,8,8.71
llama3.1:8b,10,2,0,10.20,10,9.95
llama3.1:8b,10,2,1,10.20,10,11.96
llama3.1:8b,10,2,2,10.20,10,8.75
llama3.1:8b,10,2,3,10.20,10,12.63
llama3.1:8b,10,2,4,10.20,10,10.80
llama3.1:8b,10,2,5,10.20,10,11.05
llama3.1:8b,10,2,6,10.20,10,9.54
llama3.1:8b,10,2,0,10.20,12,13.20
llama3.1:8b,10,2,1,10.20,12,13.64
llama3.1:8b,10,2,2,10.20,12,10.98
llama3.1:8b,10,2,3,10.20,12,12.23
llama3.1:8b,10,2,4,10.20,12,11.66
llama3.1:8b,10,2,5,10.20,12,13.08
llama3.1:8b,10,2,6,10.20,12,15.32
llama3.1:8b,12,0,0,11.81,0,7.29
llama3.1:8b,12,0,1,11.81,0,5.98
llama3.1:8b,12,0,2,11.81,0,6.73
llama3.1:8b,12,0,3,11.81,0,10.56
llama3.1:8b,12,0,4,11.81,0,5.87
llama3.1:8b,12,0,5,11.81,0,4.54
llama3.1:8b,12,0,6,11.81,0,6.62
llama3.1:8b,12,0,0,11.81,2,7.37
llama3.1:8b,12,0,1,11.81,2,6.56
llama3.1:8b,12,0,2,11.81,2,7.33
llama3.1:8b,12,0,3,11.81,2,9.33
llama3.1:8b,12,0,4,11.81,2,11.48
llama3.1:8b,12,0,5,11.81,2,7.33
llama3.1:8b,12,0,6,11.81,2,7.48
llama3.1:8b,12,0,0,11.81,4,6.94
llama3.1:8b,12,0,1,11.81,4,8.40
llama3.1:8b,12,0,2,11.81,4,7.59
llama3.1:8b,12,0,3,11.81,4,7.47
llama3.1:8b,12,0,4,11.81,4,6.89
llama3.1:8b,12,0,5,11.81,4,6.06
llama3.1:8b,12,0,6,11.81,4,8.32
llama3.1:8b,12,0,0,11.81,6,10.35
llama3.1:8b,12,0,1,11.81,6,8.45
llama3.1:8b,12,0,2,11.81,6,8.79
llama3.1:8b,12,0,3,11.81,6,14.98
llama3.1:8b,12,0,4,11.81,6,8.31
llama3.1:8b,12,0,5,11.81,6,7.56
llama3.1:8b,12,0,6,11.81,6,9.55
llama3.1:8b,12,0,0,11.81,8,10.17
llama3.1:8b,12,0,1,11.81,8,9.86
llama3.1:8b,12,0,2,11.81,8,8.16
llama3.1:8b,12,0,3,11.81,8,15.43
llama3.1:8b,12,0,4,11.81,8,9.29
llama3.1:8b,12,0,5,11.81,8,9.81
llama3.1:8b,12,0,6,11.81,8,10.60
llama3.1:8b,12,0,0,11.81,10,11.58
llama3.1:8b,12,0,1,11.81,10,7.97
llama3.1:8b,12,0,2,11.81,10,11.59
llama3.1:8b,12,0,3,11.81,10,13.01
llama3.1:8b,12,0,4,11.81,10,12.74
llama3.1:8b,12,0,5,11.81,10,9.35
llama3.1:8b,12,0,6,11.81,10,11.38
llama3.1:8b,12,0,0,11.81,12,14.59
llama3.1:8b,12,0,1,11.81,12,12.52
llama3.1:8b,12,0,2,11.81,12,12.95
llama3.1:8b,12,0,3,11.81,12,11.09
llama3.1:8b,12,0,4,11.81,12,14.22
llama3.1:8b,12,0,5,11.81,12,12.53
llama3.1:8b,12,0,6,11.81,12,10.36
llama3.1:8b,12,1,0,11.54,0,3.57
llama3.1:8b,12,1,1,11.54,0,4.68
llama3.1:8b,12,1,2,11.54,0,2.10
llama3.1:8b,12,1,3,11.54,0,10.31
llama3.1:8b,12,1,4,11.54,0,10.81
llama3.1:8b,12,1,5,11.54,0,3.89
llama3.1:8b,12,1,6,11.54,0,4.91
llama3.1:8b,12,1,0,11.54,2,6.29
llama3.1:8b,12,1,1,11.54,2,5.54
llama3.1:8b,12,1,2,11.54,2,5.95
llama3.1:8b,12,1,3,11.54,2,8.83
llama3.1:8b,12,1,4,11.54,2,5.50
llama3.1:8b,12,1,5,11.54,2,3.79
llama3.1:8b,12,1,6,11.54,2,6.41
llama3.1:8b,12,1,0,11.54,4,7.72
llama3.1:8b,12,1,1,11.54,4,6.45
llama3.1:8b,12,1,2,11.54,4,4.55
llama3.1:8b,12,1,3,11.54,4,10.35
llama3.1:8b,12,1,4,11.54,4,10.11
llama3.1:8b,12,1,5,11.54,4,6.25
llama3.1:8b,12,1,6,11.54,4,6.02
llama3.1:8b,12,1,0,11.54,6,8.74
llama3.1:8b,12,1,1,11.54,6,6.88
llama3.1:8b,12,1,2,11.54,6,7.80
llama3.1:8b,12,1,3,11.54,6,11.72
llama3.1:8b,12,1,4,11.54,6,10.47
llama3.1:8b,12,1,5,11.54,6,7.79
llama3.1:8b,12,1,6,11.54,6,6.40
llama3.1:8b,12,1,0,11.54,8,8.23
llama3.1:8b,12,1,1,11.54,8,8.46
llama3.1:8b,12,1,2,11.54,8,6.41
llama3.1:8b,12,1,3,11.54,8,15.67
llama3.1:8b,12,1,4,11.54,8,9.37
llama3.1:8b,12,1,5,11.54,8,7.68
llama3.1:8b,12,1,6,11.54,8,7.36
llama3.1:8b,12,1,0,11.54,10,9.86
llama3.1:8b,12,1,1,11.54,10,8.77
llama3.1:8b,12,1,2,11.54,10,9.52
llama3.1:8b,12,1,3,11.54,10,13.19
llama3.1:8b,12,1,4,11.54,10,8.12
llama3.1:8b,12,1,5,11.54,10,8.44
llama3.1:8b,12,1,6,11.54,10,8.79
llama3.1:8b,12,1,0,11.54,12,12.35
llama3.1:8b,12,1,1,11.54,12,11.46
llama3.1:8b,12,1,2,11.54,12,10.39
llama3.1:8b,12,1,3,11.54,12,13.44
llama3.1:8b,12,1,4,11.54,12,11.36
llama3.1:8b,12,1,5,11.54,12,12.42
llama3.1:8b,12,1,6,11.54,12,11.52
llama3.1:8b,12,2,0,11.65,0,4.96
llama3.1:8b,12,2,1,11.65,0,3.34
llama3.1:8b,12,2,2,11.65,0,4.87
llama3.1:8b,12,2,3,11.65,0,11.68
llama3.1:8b,12,2,4,11.65,0,12.20
llama3.1:8b,12,2,5,11.65,0,2.90
llama3.1:8b,12,2,6,11.65,0,4.39
llama3.1:8b,12,2,0,11.65,2,5.12
llama3.1:8b,12,2,1,11.65,2,5.60
llama3.1:8b,12,2,2,11.65,2,4.06
llama3.1:8b,12,2,3,11.65,2,15.08
llama3.1:8b,12,2,4,11.65,2,4.55
llama3.1:8b,12,2,5,11.65,2,3.99
llama3.1:8b,12,2,6,11.65,2,3.38
llama3.1:8b,12,2,0,11.65,4,7.86
llama3.1:8b,12,2,1,11.65,4,6.66
llama3.1:8b,12,2,2,11.65,4,5.01
llama3.1:8b,12,2,3,11.65,4,16.05
llama3.1:8b,12,2,4,11.65,4,11.45
llama3.1:8b,12,2,5,11.65,4,6.93
llama3.1:8b,12,2,6,11.65,4,6.85
llama3.1:8b,12,2,0,11.65,6,8.30
llama3.1:8b,12,2,1,11.65,6,9.03
llama3.1:8b,12,2,2,11.65,6,6.33
llama3.1:8b,12,2,3,11.65,6,13.06
llama3.1:8b,12,2,4,11.65,6,12.31
llama3.1:8b,12,2,5,11.65,6,6.63
llama3.1:8b,12,2,6,11.65,6,7.06
llama3.1:8b,12,2,0,11.65,8,9.78
llama3.1:8b,12,2,1,11.65,8,7.76
llama3.1:8b,12,2,2,11.65,8,7.29
llama3.1:8b,12,2,3,11.65,8,14.28
llama3.1:8b,12,2,4,11.65,8,10.81
llama3.1:8b,12,2,5,11.65,8,7.61
llama3.1:8b,12,2,6,11.65,8,8.15
llama3.1:8b,12,2,0,11.65,10,11.86
llama3.1:8b,12,2,1,11.65,10,8.70
llama3.1:8b,12,2,2,11.65,10,7.92
llama3.1:8b,12,2,3,11.65,10,12.21
llama3.1:8b,12,2,4,11.65,10,13.58
llama3.1:8b,12,2,5,11.65,10,10.99
llama3.1:8b,12,2,6,11.65,10,12.05
llama3.1:8b,12,2,0,11.65,12,13.50
llama3.1:8b,12,2,1,11.65,12,13.88
llama3.1:8b,12,2,2,11.65,12,13.30
llama3.1:8b,12,2,3,11.65,12,17.67
llama3.1:8b,12,2,4,11.65,12,14.01
llama3.1:8b,12,2,5,11.65,12,12.80
llama3.1:8b,12,2,6,11.65,12,13.62
